"Plant_id";"Plant_sp";"Plot";"Month";"X";"Y";"Plant_sp_complete"
"1";"UPAR";"A";1;"721878.785";"4099210.022";"Ulex_parviflorus"
"100";"ROFF";"F";1;"721724.635";"4098190.902";"Rosmarinus_officinalis"
"100";"ROFF";"F";2;"721724.635";"4098190.902";"Rosmarinus_officinalis"
"101";"ROFF";"F";1;"721728.607";"4098183.493";"Rosmarinus_officinalis"
"101";"ROFF";"F";2;"721728.607";"4098183.493";"Rosmarinus_officinalis"
"102";"ROFF";"F";1;"721719.776";"4098180.772";"Rosmarinus_officinalis"
"102";"ROFF";"F";2;"721719.776";"4098180.772";"Rosmarinus_officinalis"
"103";"ROFF";"F";1;"721726.587";"4098173.095";"Rosmarinus_officinalis"
"103";"ROFF";"F";2;"721726.587";"4098173.095";"Rosmarinus_officinalis"
"104";"ROFF";"F";1;"721715.233";"4098168.784";"Rosmarinus_officinalis"
"104";"ROFF";"F";2;"721715.233";"4098168.784";"Rosmarinus_officinalis"
"106";"HCOM";"A";1;"721889.552";"4099213.451";"Halimium_commutatum"
"106";"HCOM";"A";2;"721889.552";"4099213.451";"Halimium_commutatum"
"107";"HCOM";"A";1;"721884.209";"4099205.798";"Halimium_commutatum"
"109";"HCOM";"A";1;"721880.759";"4099208.092";"Halimium_commutatum"
"11";"UPAR";"A";1;"721885.816";"4099216.119";"Ulex_parviflorus"
"110";"HCOM";"A";1;"721887.095";"4099209.896";"Halimium_commutatum"
"111";"HCOM";"A";1;"721880.77";"4099211.938";"Halimium_commutatum"
"112";"HCOM";"A";1;"721881.546";"4099221.112";"Halimium_commutatum"
"112";"HCOM";"A";2;"721881.546";"4099221.112";"Halimium_commutatum"
"113";"HCOM";"A";1;"721883.703";"4099214.663";"Halimium_commutatum"
"113";"HCOM";"A";2;"721883.703";"4099214.663";"Halimium_commutatum"
"114";"HCOM";"A";1;"721885.932";"4099222.86";"Halimium_commutatum"
"114";"HCOM";"A";2;"721885.932";"4099222.86";"Halimium_commutatum"
"115";"HCOM";"A";1;"721873.622";"4099211.143";"Halimium_commutatum"
"115";"HCOM";"A";2;"721873.622";"4099211.143";"Halimium_commutatum"
"116";"HCOM";"A";1;"721886.51";"4099213.121";"Halimium_commutatum"
"116";"HCOM";"A";2;"721886.51";"4099213.121";"Halimium_commutatum"
"117";"HCOM";"A";1;"721890.194";"4099220.479";"Halimium_commutatum"
"117";"HCOM";"A";2;"721890.194";"4099220.479";"Halimium_commutatum"
"118";"HCOM";"A";1;"721878.478";"4099211.668";"Halimium_commutatum"
"118";"HCOM";"A";2;"721878.478";"4099211.668";"Halimium_commutatum"
"119";"HCOM";"A";1;"721878.641";"4099208.519";"Halimium_commutatum"
"120";"HCOM";"A";2;"721888.862";"4099207.523";"Halimium_commutatum"
"120";"HCOM";"A";1;"721888.862";"4099207.523";"Halimium_commutatum"
"121";"HCOM";"B";1;"721865.925";"4099090.048";"Halimium_commutatum"
"121";"HCOM";"B";2;"721865.925";"4099090.048";"Halimium_commutatum"
"122";"HCOM";"B";1;"721868.92";"4099092.3";"Halimium_commutatum"
"123";"HCOM";"B";1;"721868.254";"4099085.666";"Halimium_commutatum"
"123";"HCOM";"B";2;"721868.254";"4099085.666";"Halimium_commutatum"
"124";"HCOM";"B";1;"721861.251";"4099083.71";"Halimium_commutatum"
"125";"HCOM";"B";2;"721861.885";"4099088.554";"Halimium_commutatum"
"125";"HCOM";"B";1;"721861.885";"4099088.554";"Halimium_commutatum"
"126";"HCOM";"B";1;"721873.471";"4099091.936";"Halimium_commutatum"
"126";"HCOM";"B";2;"721873.471";"4099091.936";"Halimium_commutatum"
"127";"HCOM";"B";2;"721873.395";"4099097.963";"Halimium_commutatum"
"127";"HCOM";"B";1;"721873.395";"4099097.963";"Halimium_commutatum"
"128";"HCOM";"B";1;"721871.44";"4099081.408";"Halimium_commutatum"
"128";"HCOM";"B";2;"721871.44";"4099081.408";"Halimium_commutatum"
"129";"HCOM";"B";1;"721873.53";"4099076.638";"Halimium_commutatum"
"129";"HCOM";"B";2;"721873.53";"4099076.638";"Halimium_commutatum"
"13";"UPAR";"A";1;"721885.772";"4099219.422";"Ulex_parviflorus"
"130";"HCOM";"B";1;"721875.541";"4099087.265";"Halimium_commutatum"
"130";"HCOM";"B";2;"721875.541";"4099087.265";"Halimium_commutatum"
"131";"HCOM";"B";1;"721861.789";"4099075.526";"Halimium_commutatum"
"132";"HCOM";"B";1;"721871.727";"4099085.668";"Halimium_commutatum"
"132";"HCOM";"B";2;"721871.727";"4099085.668";"Halimium_commutatum"
"133";"HCOM";"B";1;"721862.531";"4099092.303";"Halimium_commutatum"
"133";"HCOM";"B";2;"721862.531";"4099092.303";"Halimium_commutatum"
"134";"HCOM";"B";1;"721858.861";"4099087.16";"Halimium_commutatum"
"134";"HCOM";"B";2;"721858.861";"4099087.16";"Halimium_commutatum"
"135";"HCOM";"B";1;"721867.668";"4099080.277";"Halimium_commutatum"
"135";"HCOM";"B";2;"721867.668";"4099080.277";"Halimium_commutatum"
"136";"HCOM";"C";2;"721815.273";"4098790.489";"Halimium_commutatum"
"136";"HCOM";"C";1;"721815.273";"4098790.489";"Halimium_commutatum"
"137";"HCOM";"C";1;"721811.492";"4098792.564";"Halimium_commutatum"
"138";"HCOM";"C";2;"721813.117";"4098796.601";"Halimium_commutatum"
"138";"HCOM";"C";1;"721813.117";"4098796.601";"Halimium_commutatum"
"139";"HCOM";"C";1;"721816.153";"4098782.807";"Halimium_commutatum"
"139";"HCOM";"C";2;"721816.153";"4098782.807";"Halimium_commutatum"
"140";"HCOM";"C";1;"721813.183";"4098786.834";"Halimium_commutatum"
"141";"HCOM";"C";1;"721821.907";"4098790.321";"Halimium_commutatum"
"142";"HCOM";"C";1;"721824.563";"4098796.436";"Halimium_commutatum"
"142";"HCOM";"C";2;"721824.563";"4098796.436";"Halimium_commutatum"
"143";"HCOM";"C";1;"721826.892";"4098785.581";"Halimium_commutatum"
"143";"HCOM";"C";2;"721826.892";"4098785.581";"Halimium_commutatum"
"144";"HCOM";"C";1;"721825.143";"4098790.93";"Halimium_commutatum"
"145";"HCOM";"C";1;"721824.133";"4098785.628";"Halimium_commutatum"
"146";"HCOM";"C";2;"721811.122";"4098785.975";"Halimium_commutatum"
"146";"HCOM";"C";1;"721811.122";"4098785.975";"Halimium_commutatum"
"147";"HCOM";"C";2;"721816.415";"4098791.373";"Halimium_commutatum"
"147";"HCOM";"C";1;"721816.415";"4098791.373";"Halimium_commutatum"
"148";"HCOM";"C";1;"721818.302";"4098781.785";"Halimium_commutatum"
"148";"HCOM";"C";2;"721818.302";"4098781.785";"Halimium_commutatum"
"149";"HCOM";"C";2;"721808.713";"4098790.857";"Halimium_commutatum"
"149";"HCOM";"C";1;"721808.713";"4098790.857";"Halimium_commutatum"
"15";"UPAR";"A";1;"721871.951";"4099219.168";"Ulex_parviflorus"
"150";"HCOM";"C";1;"721819.31";"4098785.765";"Halimium_commutatum"
"151";"HCOM";"D";1;"721791.662";"4098621.863";"Halimium_commutatum"
"151";"HCOM";"D";2;"721791.662";"4098621.863";"Halimium_commutatum"
"152";"HCOM";"D";1;"721788.735";"4098618.779";"Halimium_commutatum"
"152";"HCOM";"D";2;"721788.735";"4098618.779";"Halimium_commutatum"
"153";"HCOM";"D";1;"721793.826";"4098613.718";"Halimium_commutatum"
"153";"HCOM";"D";2;"721793.826";"4098613.718";"Halimium_commutatum"
"154";"HCOM";"D";1;"721794.998";"4098619.411";"Halimium_commutatum"
"154";"HCOM";"D";2;"721794.998";"4098619.411";"Halimium_commutatum"
"155";"HCOM";"D";2;"721791.314";"4098629.784";"Halimium_commutatum"
"155";"HCOM";"D";1;"721791.314";"4098629.784";"Halimium_commutatum"
"156";"HCOM";"D";1;"721780.855";"4098630.396";"Halimium_commutatum"
"156";"HCOM";"D";2;"721780.855";"4098630.396";"Halimium_commutatum"
"157";"HCOM";"D";1;"721779.305";"4098618.179";"Halimium_commutatum"
"157";"HCOM";"D";2;"721779.305";"4098618.179";"Halimium_commutatum"
"158";"HCOM";"D";1;"721783.982";"4098619.617";"Halimium_commutatum"
"16";"ROFF";"B";2;"721870.41";"4099080.034";"Rosmarinus_officinalis"
"16";"ROFF";"B";1;"721870.41";"4099080.034";"Rosmarinus_officinalis"
"160";"HCOM";"D";1;"721774.524";"4098620.535";"Halimium_commutatum"
"160";"HCOM";"D";2;"721774.524";"4098620.535";"Halimium_commutatum"
"161";"HCOM";"D";1;"721787.946";"4098608.923";"Halimium_commutatum"
"162";"HCOM";"D";1;"721786.433";"4098627.213";"Halimium_commutatum"
"163";"HCOM";"D";1;"721790.302";"4098618.857";"Halimium_commutatum"
"164";"HCOM";"D";2;"721789.811";"4098614.539";"Halimium_commutatum"
"164";"HCOM";"D";1;"721789.811";"4098614.539";"Halimium_commutatum"
"165";"HCOM";"D";1;"721775.803";"4098627.043";"Halimium_commutatum"
"165";"HCOM";"D";2;"721775.803";"4098627.043";"Halimium_commutatum"
"166";"SGEN";"D";1;"721792.384";"4098621.006";"Stauracanthus_genistoides"
"167";"SGEN";"D";1;"721789.821";"4098617.353";"Stauracanthus_genistoides"
"168";"SGEN";"D";1;"721789.09";"4098614.557";"Stauracanthus_genistoides"
"169";"SGEN";"D";1;"721795.715";"4098613.887";"Stauracanthus_genistoides"
"17";"ROFF";"B";1;"721861.711";"4099085.448";"Rosmarinus_officinalis"
"17";"ROFF";"B";2;"721861.711";"4099085.448";"Rosmarinus_officinalis"
"171";"SGEN";"D";1;"721779.305";"4098616.939";"Stauracanthus_genistoides"
"172";"SGEN";"D";1;"721776.526";"4098626.716";"Stauracanthus_genistoides"
"173";"SGEN";"D";1;"721785.811";"4098625.687";"Stauracanthus_genistoides"
"175";"SGEN";"D";1;"721779.1";"4098627.343";"Stauracanthus_genistoides"
"177";"SGEN";"D";1;"721786.242";"4098620.396";"Stauracanthus_genistoides"
"178";"SGEN";"D";1;"721778.539";"4098613.825";"Stauracanthus_genistoides"
"179";"SGEN";"D";1;"721775.778";"4098618.991";"Stauracanthus_genistoides"
"18";"ROFF";"B";1;"721864.39";"4099079.68";"Rosmarinus_officinalis"
"180";"SGEN";"D";1;"721775.889";"4098622.145";"Stauracanthus_genistoides"
"181";"HCOM";"E";2;"721722";"4098347.268";"Halimium_commutatum"
"181";"HCOM";"E";1;"721722";"4098347.268";"Halimium_commutatum"
"182";"HCOM";"E";1;"721725.474";"4098340.628";"Halimium_commutatum"
"182";"HCOM";"E";2;"721725.474";"4098340.628";"Halimium_commutatum"
"183";"HCOM";"E";1;"721728.143";"4098347.38";"Halimium_commutatum"
"183";"HCOM";"E";2;"721728.143";"4098347.38";"Halimium_commutatum"
"184";"HCOM";"E";1;"721721.429";"4098340.243";"Halimium_commutatum"
"184";"HCOM";"E";2;"721721.429";"4098340.243";"Halimium_commutatum"
"185";"HCOM";"E";2;"721720.18";"4098334.585";"Halimium_commutatum"
"185";"HCOM";"E";1;"721720.18";"4098334.585";"Halimium_commutatum"
"186";"HCOM";"E";1;"721731.682";"4098336.39";"Halimium_commutatum"
"186";"HCOM";"E";2;"721731.682";"4098336.39";"Halimium_commutatum"
"187";"HCOM";"E";1;"721727.637";"4098330.178";"Halimium_commutatum"
"187";"HCOM";"E";2;"721727.637";"4098330.178";"Halimium_commutatum"
"188";"HCOM";"E";1;"721733.253";"4098340.982";"Halimium_commutatum"
"188";"HCOM";"E";2;"721733.253";"4098340.982";"Halimium_commutatum"
"189";"HCOM";"E";1;"721732.714";"4098330.767";"Halimium_commutatum"
"189";"HCOM";"E";2;"721732.714";"4098330.767";"Halimium_commutatum"
"19";"ROFF";"B";1;"721862.04";"4099089.043";"Rosmarinus_officinalis"
"190";"HCOM";"E";1;"721727.048";"4098333.017";"Halimium_commutatum"
"190";"HCOM";"E";2;"721727.048";"4098333.017";"Halimium_commutatum"
"191";"HCOM";"E";1;"721728.526";"4098343.204";"Halimium_commutatum"
"191";"HCOM";"E";2;"721728.526";"4098343.204";"Halimium_commutatum"
"192";"HCOM";"E";2;"721723.639";"4098336.038";"Halimium_commutatum"
"192";"HCOM";"E";1;"721723.639";"4098336.038";"Halimium_commutatum"
"193";"HCOM";"E";1;"721733.065";"4098326.945";"Halimium_commutatum"
"193";"HCOM";"E";2;"721733.065";"4098326.945";"Halimium_commutatum"
"194";"HCOM";"E";2;"721730.169";"4098334.598";"Halimium_commutatum"
"194";"HCOM";"E";1;"721730.169";"4098334.598";"Halimium_commutatum"
"195";"HCOM";"E";1;"721737.487";"4098339.491";"Halimium_commutatum"
"195";"HCOM";"E";2;"721737.487";"4098339.491";"Halimium_commutatum"
"196";"HCOM";"F";1;"721714.719";"4098190.737";"Halimium_commutatum"
"197";"HCOM";"F";2;"721719.68";"4098188.425";"Halimium_commutatum"
"197";"HCOM";"F";1;"721719.68";"4098188.425";"Halimium_commutatum"
"198";"HCOM";"F";1;"721724.362";"4098184.387";"Halimium_commutatum"
"198";"HCOM";"F";2;"721724.362";"4098184.387";"Halimium_commutatum"
"199";"HCOM";"F";1;"721730.409";"4098182.275";"Halimium_commutatum"
"199";"HCOM";"F";2;"721730.409";"4098182.275";"Halimium_commutatum"
"2";"UPAR";"A";1;"721884.837";"4099209.955";"Ulex_parviflorus"
"20";"ROFF";"B";1;"721877.478";"4099083.906";"Rosmarinus_officinalis"
"20";"ROFF";"B";2;"721877.478";"4099083.906";"Rosmarinus_officinalis"
"200";"HCOM";"F";1;"721725.715";"4098187.448";"Halimium_commutatum"
"200";"HCOM";"F";2;"721725.715";"4098187.448";"Halimium_commutatum"
"201";"HCOM";"F";1;"721711.746";"4098177.938";"Halimium_commutatum"
"201";"HCOM";"F";2;"721711.746";"4098177.938";"Halimium_commutatum"
"202";"HCOM";"F";1;"721727.657";"4098180.189";"Halimium_commutatum"
"202";"HCOM";"F";2;"721727.657";"4098180.189";"Halimium_commutatum"
"203";"HCOM";"F";1;"721718.639";"4098174.563";"Halimium_commutatum"
"203";"HCOM";"F";2;"721718.639";"4098174.563";"Halimium_commutatum"
"205";"HCOM";"F";1;"721722.164";"4098178.493";"Halimium_commutatum"
"205";"HCOM";"F";2;"721722.164";"4098178.493";"Halimium_commutatum"
"207";"HCOM";"F";1;"721731.377";"4098176.881";"Halimium_commutatum"
"208";"HCOM";"F";1;"721719.531";"4098182.212";"Halimium_commutatum"
"209";"HCOM";"F";2;"721721.696";"4098190.015";"Halimium_commutatum"
"209";"HCOM";"F";1;"721721.696";"4098190.015";"Halimium_commutatum"
"21";"ROFF";"B";1;"721866.787";"4099095.656";"Rosmarinus_officinalis"
"210";"HCOM";"F";1;"721716.846";"4098183.757";"Halimium_commutatum"
"210";"HCOM";"F";2;"721716.846";"4098183.757";"Halimium_commutatum"
"211";"SGEN";"F";1;"721720.926";"4098192.984";"Stauracanthus_genistoides"
"215";"SGEN";"F";1;"721726.28";"4098189.651";"Stauracanthus_genistoides"
"216";"SGEN";"F";1;"721729.157";"4098175.712";"Stauracanthus_genistoides"
"219";"SGEN";"F";1;"721724.272";"4098173.359";"Stauracanthus_genistoides"
"22";"ROFF";"B";1;"721874.637";"4099094.252";"Rosmarinus_officinalis"
"220";"SGEN";"F";1;"721711.103";"4098184.205";"Stauracanthus_genistoides"
"225";"SGEN";"F";1;"721712.135";"4098180.448";"Stauracanthus_genistoides"
"226";"SGEN";"B";1;"721870.857";"4099076.592";"Stauracanthus_genistoides"
"227";"SGEN";"B";1;"721868.062";"4099084.014";"Stauracanthus_genistoides"
"229";"SGEN";"B";1;"721864.537";"4099076.335";"Stauracanthus_genistoides"
"23";"ROFF";"B";1;"721880.01";"4099092.065";"Rosmarinus_officinalis"
"23";"ROFF";"B";2;"721880.01";"4099092.065";"Rosmarinus_officinalis"
"230";"SGEN";"B";1;"721870.371";"4099096.391";"Stauracanthus_genistoides"
"233";"SGEN";"B";1;"721867.8";"4099074.596";"Stauracanthus_genistoides"
"234";"SGEN";"B";1;"721862.362";"4099076.893";"Stauracanthus_genistoides"
"236";"ROFF";"A";1;"721887.476";"4099213.769";"Rosmarinus_officinalis"
"237";"ROFF";"A";1;"721875.097";"4099221.285";"Rosmarinus_officinalis"
"238";"ROFF";"A";1;"721884.344";"4099205.079";"Rosmarinus_officinalis"
"239";"ROFF";"A";1;"721873.776";"4099204.413";"Rosmarinus_officinalis"
"24";"ROFF";"B";1;"721877.317";"4099087.529";"Rosmarinus_officinalis"
"240";"ROFF";"A";1;"721885.447";"4099201.966";"Rosmarinus_officinalis"
"241";"SGEN";"A";2;"721882.852";"4099220.028";"Stauracanthus_genistoides"
"244";"SGEN";"A";1;"721885.378";"4099211.82";"Stauracanthus_genistoides"
"245";"SGEN";"A";1;"721886.778";"4099219.331";"Stauracanthus_genistoides"
"245";"SGEN";"A";2;"721886.778";"4099219.331";"Stauracanthus_genistoides"
"246";"SGEN";"A";1;"721891.009";"4099211.263";"Stauracanthus_genistoides"
"247";"SGEN";"A";1;"721878.396";"4099205.493";"Stauracanthus_genistoides"
"249";"SGEN";"A";1;"721880.513";"4099203.723";"Stauracanthus_genistoides"
"25";"ROFF";"B";1;"721870.737";"4099085.415";"Rosmarinus_officinalis"
"25";"ROFF";"B";2;"721870.737";"4099085.415";"Rosmarinus_officinalis"
"251";"SGEN";"C";1;"721820.594";"4098783.124";"Stauracanthus_genistoides"
"252";"SGEN";"C";1;"721819.619";"4098795.301";"Stauracanthus_genistoides"
"253";"SGEN";"C";1;"721818.836";"4098791.96";"Stauracanthus_genistoides"
"254";"SGEN";"C";1;"721825.059";"4098785.332";"Stauracanthus_genistoides"
"255";"SGEN";"C";1;"721824.178";"4098793.879";"Stauracanthus_genistoides"
"256";"SGEN";"C";1;"721818.023";"4098778.732";"Stauracanthus_genistoides"
"257";"SGEN";"C";1;"721807.054";"4098795.58";"Stauracanthus_genistoides"
"258";"SGEN";"C";1;"721814.527";"4098778.82";"Stauracanthus_genistoides"
"259";"SGEN";"C";1;"721813.766";"4098784.344";"Stauracanthus_genistoides"
"26";"ROFF";"B";1;"721868.378";"4099089.818";"Rosmarinus_officinalis"
"260";"SGEN";"C";1;"721815.201";"4098792.917";"Stauracanthus_genistoides"
"261";"LPED";"A";3;"721882.933";"4099202.041";"Lavandula_pedunculata"
"261";"LPED";"A";2;"721882.933";"4099202.041";"Lavandula_pedunculata"
"262";"LPED";"A";3;"721886.202";"4099208.327";"Lavandula_pedunculata"
"263";"LPED";"A";2;"721890.8";"4099213.364";"Lavandula_pedunculata"
"263";"LPED";"A";3;"721890.8";"4099213.364";"Lavandula_pedunculata"
"264";"LPED";"A";3;"721882.808";"4099221.021";"Lavandula_pedunculata"
"264";"LPED";"A";2;"721882.808";"4099221.021";"Lavandula_pedunculata"
"265";"LPED";"A";3;"721884.338";"4099217.67";"Lavandula_pedunculata"
"265";"LPED";"A";2;"721884.338";"4099217.67";"Lavandula_pedunculata"
"266";"LPED";"A";3;"721877.427";"4099213.646";"Lavandula_pedunculata"
"266";"LPED";"A";2;"721877.427";"4099213.646";"Lavandula_pedunculata"
"267";"LPED";"A";2;"721875.513";"4099211.646";"Lavandula_pedunculata"
"268";"LPED";"A";3;"721881.787";"4099213.787";"Lavandula_pedunculata"
"268";"LPED";"A";2;"721881.787";"4099213.787";"Lavandula_pedunculata"
"269";"LPED";"A";2;"721876.867";"4099217.362";"Lavandula_pedunculata"
"27";"ROFF";"B";1;"721869.166";"4099082.884";"Rosmarinus_officinalis"
"27";"ROFF";"B";2;"721869.166";"4099082.884";"Rosmarinus_officinalis"
"271";"LPED";"A";2;"721882.221";"4099211.765";"Lavandula_pedunculata"
"271";"LPED";"A";3;"721882.221";"4099211.765";"Lavandula_pedunculata"
"274";"LPED";"A";2;"721887.129";"4099220.776";"Lavandula_pedunculata"
"275";"LPED";"A";2;"721887.081";"4099211.199";"Lavandula_pedunculata"
"275";"LPED";"A";3;"721887.081";"4099211.199";"Lavandula_pedunculata"
"275";"LPED";"A";1;"721887.081";"4099211.199";"Lavandula_pedunculata"
"276";"LPED";"B";2;"721875.553";"4099080.675";"Lavandula_pedunculata"
"277";"LPED";"B";2;"721869.763";"4099081.796";"Lavandula_pedunculata"
"277";"LPED";"B";3;"721869.763";"4099081.796";"Lavandula_pedunculata"
"278";"LPED";"B";3;"721869.052";"4099095.23";"Lavandula_pedunculata"
"278";"LPED";"B";2;"721869.052";"4099095.23";"Lavandula_pedunculata"
"279";"LPED";"B";2;"721874.582";"4099092.235";"Lavandula_pedunculata"
"279";"LPED";"B";3;"721874.582";"4099092.235";"Lavandula_pedunculata"
"28";"ROFF";"B";1;"721861.513";"4099079.621";"Rosmarinus_officinalis"
"28";"ROFF";"B";2;"721861.513";"4099079.621";"Rosmarinus_officinalis"
"281";"LPED";"B";2;"721863.189";"4099077.224";"Lavandula_pedunculata"
"283";"LPED";"B";2;"721861.523";"4099090.762";"Lavandula_pedunculata"
"284";"LPED";"B";2;"721864.734";"4099092.346";"Lavandula_pedunculata"
"284";"LPED";"B";3;"721864.734";"4099092.346";"Lavandula_pedunculata"
"285";"LPED";"B";2;"721868.298";"4099075.663";"Lavandula_pedunculata"
"286";"LPED";"B";2;"721871.84";"4099087.282";"Lavandula_pedunculata"
"287";"LPED";"B";2;"721871.705";"4099083.81";"Lavandula_pedunculata"
"287";"LPED";"B";3;"721871.705";"4099083.81";"Lavandula_pedunculata"
"287";"LPED";"B";1;"721871.705";"4099083.81";"Lavandula_pedunculata"
"288";"LPED";"B";2;"721866.303";"4099088.077";"Lavandula_pedunculata"
"289";"LPED";"B";2;"721865.389";"4099084.008";"Lavandula_pedunculata"
"289";"LPED";"B";1;"721865.389";"4099084.008";"Lavandula_pedunculata"
"29";"ROFF";"B";1;"721865.993";"4099085.726";"Rosmarinus_officinalis"
"29";"ROFF";"B";2;"721865.993";"4099085.726";"Rosmarinus_officinalis"
"290";"LPED";"B";1;"721863.632";"4099088.355";"Lavandula_pedunculata"
"291";"LPED";"C";2;"721824.683";"4098786.953";"Lavandula_pedunculata"
"291";"LPED";"C";3;"721824.683";"4098786.953";"Lavandula_pedunculata"
"292";"LPED";"C";2;"721815.617";"4098782.092";"Lavandula_pedunculata"
"293";"LPED";"C";3;"721819.538";"4098781.733";"Lavandula_pedunculata"
"294";"LPED";"C";3;"721822.717";"4098793.935";"Lavandula_pedunculata"
"294";"LPED";"C";2;"721822.717";"4098793.935";"Lavandula_pedunculata"
"297";"LPED";"C";2;"721813.783";"4098791.422";"Lavandula_pedunculata"
"298";"LPED";"C";2;"721812.374";"4098787.024";"Lavandula_pedunculata"
"299";"LPED";"C";3;"721807.9";"4098795.486";"Lavandula_pedunculata"
"299";"LPED";"C";2;"721807.9";"4098795.486";"Lavandula_pedunculata"
"3";"UPAR";"A";1;"721887.344";"4099206.34";"Ulex_parviflorus"
"30";"ROFF";"B";1;"721860.841";"4099096.619";"Rosmarinus_officinalis"
"301";"LPED";"C";2;"721814.528";"4098788.412";"Lavandula_pedunculata"
"302";"LPED";"C";3;"721816.832";"4098793.847";"Lavandula_pedunculata"
"302";"LPED";"C";2;"721816.832";"4098793.847";"Lavandula_pedunculata"
"303";"LPED";"C";2;"721817.633";"4098785.798";"Lavandula_pedunculata"
"306";"LPED";"D";3;"721774.736";"4098625.483";"Lavandula_pedunculata"
"307";"LPED";"D";3;"721782.235";"4098622.241";"Lavandula_pedunculata"
"309";"LPED";"D";2;"721782.833";"4098628.437";"Lavandula_pedunculata"
"31";"ROFF";"C";2;"721808.422";"4098793.423";"Rosmarinus_officinalis"
"31";"ROFF";"C";1;"721808.422";"4098793.423";"Rosmarinus_officinalis"
"310";"LPED";"D";2;"721785.312";"4098624.257";"Lavandula_pedunculata"
"310";"LPED";"D";3;"721785.312";"4098624.257";"Lavandula_pedunculata"
"311";"LPED";"D";3;"721788.556";"4098610.577";"Lavandula_pedunculata"
"311";"LPED";"D";2;"721788.556";"4098610.577";"Lavandula_pedunculata"
"312";"LPED";"D";3;"721792.629";"4098617.636";"Lavandula_pedunculata"
"313";"LPED";"D";2;"721792.974";"4098615.024";"Lavandula_pedunculata"
"313";"LPED";"D";3;"721792.974";"4098615.024";"Lavandula_pedunculata"
"314";"LPED";"D";2;"721796.19";"4098621.601";"Lavandula_pedunculata"
"315";"LPED";"D";2;"721788.054";"4098616.059";"Lavandula_pedunculata"
"316";"LPED";"D";2;"721781.703";"4098616.409";"Lavandula_pedunculata"
"317";"LPED";"D";2;"721771.649";"4098621.11";"Lavandula_pedunculata"
"318";"LPED";"D";3;"721788.546";"4098621.335";"Lavandula_pedunculata"
"318";"LPED";"D";2;"721788.546";"4098621.335";"Lavandula_pedunculata"
"319";"LPED";"D";3;"721791.312";"4098626.497";"Lavandula_pedunculata"
"319";"LPED";"D";1;"721791.312";"4098626.497";"Lavandula_pedunculata"
"32";"ROFF";"C";1;"721814.504";"4098781.246";"Rosmarinus_officinalis"
"32";"ROFF";"C";2;"721814.504";"4098781.246";"Rosmarinus_officinalis"
"321";"LPED";"E";2;"721734.902";"4098328.208";"Lavandula_pedunculata"
"321";"LPED";"E";1;"721734.902";"4098328.208";"Lavandula_pedunculata"
"322";"LPED";"E";2;"721724.744";"4098326.033";"Lavandula_pedunculata"
"322";"LPED";"E";3;"721724.744";"4098326.033";"Lavandula_pedunculata"
"323";"LPED";"E";2;"721735.588";"4098333.276";"Lavandula_pedunculata"
"323";"LPED";"E";3;"721735.588";"4098333.276";"Lavandula_pedunculata"
"325";"LPED";"E";2;"721727.681";"4098336.222";"Lavandula_pedunculata"
"325";"LPED";"E";3;"721727.681";"4098336.222";"Lavandula_pedunculata"
"326";"LPED";"E";3;"721728.29";"4098340.418";"Lavandula_pedunculata"
"327";"LPED";"E";3;"721720.911";"4098332.436";"Lavandula_pedunculata"
"327";"LPED";"E";2;"721720.911";"4098332.436";"Lavandula_pedunculata"
"328";"LPED";"E";2;"721724.751";"4098344.714";"Lavandula_pedunculata"
"329";"LPED";"E";3;"721727.544";"4098344.257";"Lavandula_pedunculata"
"33";"ROFF";"C";1;"721825.646";"4098793.653";"Rosmarinus_officinalis"
"33";"ROFF";"C";2;"721825.646";"4098793.653";"Rosmarinus_officinalis"
"330";"LPED";"E";2;"721719.571";"4098337.941";"Lavandula_pedunculata"
"331";"LPED";"E";3;"721737.97";"4098336.631";"Lavandula_pedunculata"
"331";"LPED";"E";2;"721737.97";"4098336.631";"Lavandula_pedunculata"
"333";"LPED";"E";3;"721724.759";"4098339.446";"Lavandula_pedunculata"
"333";"LPED";"E";2;"721724.759";"4098339.446";"Lavandula_pedunculata"
"334";"LPED";"E";2;"721729.037";"4098337.395";"Lavandula_pedunculata"
"334";"LPED";"E";3;"721729.037";"4098337.395";"Lavandula_pedunculata"
"334";"LPED";"E";1;"721729.037";"4098337.395";"Lavandula_pedunculata"
"335";"LPED";"E";3;"721731.618";"4098334.823";"Lavandula_pedunculata"
"336";"LPED";"F";3;"721729.458";"4098177.674";"Lavandula_pedunculata"
"336";"LPED";"F";2;"721729.458";"4098177.674";"Lavandula_pedunculata"
"337";"LPED";"F";2;"721722.172";"4098175.519";"Lavandula_pedunculata"
"34";"ROFF";"C";1;"721812.135";"4098785.589";"Rosmarinus_officinalis"
"34";"ROFF";"C";2;"721812.135";"4098785.589";"Rosmarinus_officinalis"
"340";"LPED";"F";2;"721729.747";"4098174.365";"Lavandula_pedunculata"
"342";"LPED";"F";3;"721730.566";"4098180.059";"Lavandula_pedunculata"
"345";"LPED";"F";2;"721733.117";"4098183.989";"Lavandula_pedunculata"
"345";"LPED";"F";1;"721733.117";"4098183.989";"Lavandula_pedunculata"
"346";"LPED";"F";3;"721726.791";"4098178.019";"Lavandula_pedunculata"
"346";"LPED";"F";2;"721726.791";"4098178.019";"Lavandula_pedunculata"
"347";"LPED";"F";2;"721713.853";"4098193.663";"Lavandula_pedunculata"
"348";"LPED";"F";3;"721724.162";"4098190.82";"Lavandula_pedunculata"
"348";"LPED";"F";2;"721724.162";"4098190.82";"Lavandula_pedunculata"
"349";"LPED";"F";3;"721718.93";"4098178.897";"Lavandula_pedunculata"
"35";"ROFF";"C";1;"721820.619";"4098782.09";"Rosmarinus_officinalis"
"35";"ROFF";"C";2;"721820.619";"4098782.09";"Rosmarinus_officinalis"
"350";"LPED";"F";2;"721725.651";"4098179.917";"Lavandula_pedunculata"
"351";"SGEN";"E";1;"721732.745";"4098332.157";"Stauracanthus_genistoides"
"352";"SGEN";"E";1;"721728.55";"4098338.909";"Stauracanthus_genistoides"
"353";"SGEN";"E";1;"721732.957";"4098340.489";"Stauracanthus_genistoides"
"354";"SGEN";"E";1;"721721.633";"4098345.079";"Stauracanthus_genistoides"
"357";"SGEN";"E";1;"721739.899";"4098327.319";"Stauracanthus_genistoides"
"358";"SGEN";"E";1;"721718.564";"4098336.123";"Stauracanthus_genistoides"
"359";"SGEN";"E";1;"721728.546";"4098323.776";"Stauracanthus_genistoides"
"36";"ROFF";"C";2;"721822.021";"4098795.254";"Rosmarinus_officinalis"
"36";"ROFF";"C";1;"721822.021";"4098795.254";"Rosmarinus_officinalis"
"361";"CSAL";"E";2;"721722.431";"4098335.903";"Cistus_salviifolius"
"362";"CSAL";"E";2;"721723.059";"4098334.739";"Cistus_salviifolius"
"365_2";"CSAL";"E";2;"721728.01";"4098338.628";"Cistus_salviifolius"
"366";"CLIB";"A";3;"721881.664";"4099208.53";"Cistus_libanotis"
"366";"CLIB";"A";2;"721881.664";"4099208.53";"Cistus_libanotis"
"367";"CLIB";"A";3;"721880.303";"4099212.632";"Cistus_libanotis"
"368";"CLIB";"A";3;"721884.221";"4099220.064";"Cistus_libanotis"
"368";"CLIB";"A";2;"721884.221";"4099220.064";"Cistus_libanotis"
"369";"CLIB";"A";3;"721883.13";"4099220.798";"Cistus_libanotis"
"369";"CLIB";"A";2;"721883.13";"4099220.798";"Cistus_libanotis"
"37";"ROFF";"C";1;"721813.505";"4098794.146";"Rosmarinus_officinalis"
"370";"CLIB";"A";3;"721874.969";"4099208.763";"Cistus_libanotis"
"370";"CLIB";"A";2;"721874.969";"4099208.763";"Cistus_libanotis"
"371";"CLIB";"A";3;"721885.173";"4099222.188";"Cistus_libanotis"
"371";"CLIB";"A";2;"721885.173";"4099222.188";"Cistus_libanotis"
"372";"CLIB";"A";3;"721891.673";"4099214.024";"Cistus_libanotis"
"373";"CLIB";"A";3;"721893.614";"4099214.448";"Cistus_libanotis"
"373";"CLIB";"A";2;"721893.614";"4099214.448";"Cistus_libanotis"
"374";"CLIB";"A";2;"721888.331";"4099222.838";"Cistus_libanotis"
"374";"CLIB";"A";3;"721888.331";"4099222.838";"Cistus_libanotis"
"375";"CLIB";"A";3;"721891.271";"4099210.484";"Cistus_libanotis"
"375";"CLIB";"A";2;"721891.271";"4099210.484";"Cistus_libanotis"
"376";"CLIB";"A";3;"721877.024";"4099216.635";"Cistus_libanotis"
"376";"CLIB";"A";2;"721877.024";"4099216.635";"Cistus_libanotis"
"377";"CLIB";"A";3;"721882.319";"4099218.615";"Cistus_libanotis"
"378";"CLIB";"A";3;"721875.365";"4099214.807";"Cistus_libanotis"
"378";"CLIB";"A";2;"721875.365";"4099214.807";"Cistus_libanotis"
"379";"CLIB";"A";3;"721883.699";"4099218.586";"Cistus_libanotis"
"38";"ROFF";"C";1;"721817.674";"4098800.938";"Rosmarinus_officinalis"
"381";"CLIB";"B";2;"721864.805";"4099085.795";"Cistus_libanotis"
"381";"CLIB";"B";3;"721864.805";"4099085.795";"Cistus_libanotis"
"382";"CLIB";"B";2;"721871.647";"4099097.41";"Cistus_libanotis"
"382";"CLIB";"B";3;"721871.647";"4099097.41";"Cistus_libanotis"
"383";"CLIB";"B";3;"721864.205";"4099095.157";"Cistus_libanotis"
"383";"CLIB";"B";2;"721864.205";"4099095.157";"Cistus_libanotis"
"384";"CLIB";"B";3;"721877.464";"4099088.385";"Cistus_libanotis"
"385";"CLIB";"B";2;"721858.221";"4099091.252";"Cistus_libanotis"
"385";"CLIB";"B";3;"721858.221";"4099091.252";"Cistus_libanotis"
"386";"CLIB";"B";2;"721868.385";"4099078.707";"Cistus_libanotis"
"386";"CLIB";"B";3;"721868.385";"4099078.707";"Cistus_libanotis"
"387";"CLIB";"B";2;"721864.059";"4099082.164";"Cistus_libanotis"
"388";"CLIB";"B";3;"721868.223";"4099074.487";"Cistus_libanotis"
"389";"CLIB";"B";2;"721874.819";"4099075.662";"Cistus_libanotis"
"389";"CLIB";"B";3;"721874.819";"4099075.662";"Cistus_libanotis"
"39";"ROFF";"C";1;"721806.182";"4098784.742";"Rosmarinus_officinalis"
"390";"CLIB";"B";3;"721873.5";"4099082.194";"Cistus_libanotis"
"390";"CLIB";"B";2;"721873.5";"4099082.194";"Cistus_libanotis"
"391";"CLIB";"B";2;"721859.069";"4099085.629";"Cistus_libanotis"
"391";"CLIB";"B";3;"721859.069";"4099085.629";"Cistus_libanotis"
"392";"CLIB";"B";2;"721860.202";"4099095.444";"Cistus_libanotis"
"393";"CLIB";"B";3;"721857.793";"4099081.43";"Cistus_libanotis"
"393";"CLIB";"B";2;"721857.793";"4099081.43";"Cistus_libanotis"
"395";"CLIB";"B";3;"721876.782";"4099092.964";"Cistus_libanotis"
"396";"CLIB";"D";2;"721793.718";"4098623.821";"Cistus_libanotis"
"397";"CLIB";"D";2;"721788.4";"4098623.171";"Cistus_libanotis"
"397";"CLIB";"D";3;"721788.4";"4098623.171";"Cistus_libanotis"
"398";"CLIB";"D";2;"721780.501";"4098634.885";"Cistus_libanotis"
"399";"CLIB";"D";2;"721782.473";"4098627.523";"Cistus_libanotis"
"4";"UPAR";"A";1;"721892.49";"4099211.473";"Ulex_parviflorus"
"400";"CLIB";"D";3;"721791.481";"4098628.298";"Cistus_libanotis"
"400";"CLIB";"D";2;"721791.481";"4098628.298";"Cistus_libanotis"
"401";"CLIB";"D";2;"721777.387";"4098623.958";"Cistus_libanotis"
"401";"CLIB";"D";3;"721777.387";"4098623.958";"Cistus_libanotis"
"402";"CLIB";"D";3;"721792.334";"4098615.8";"Cistus_libanotis"
"402";"CLIB";"D";2;"721792.334";"4098615.8";"Cistus_libanotis"
"403";"CLIB";"D";2;"721789.905";"4098613.378";"Cistus_libanotis"
"403";"CLIB";"D";3;"721789.905";"4098613.378";"Cistus_libanotis"
"404";"CLIB";"D";2;"721781.829";"4098621.647";"Cistus_libanotis"
"404";"CLIB";"D";3;"721781.829";"4098621.647";"Cistus_libanotis"
"405";"CLIB";"D";3;"721789.109";"4098620.643";"Cistus_libanotis"
"406";"CLIB";"D";3;"721783.257";"4098619.671";"Cistus_libanotis"
"406";"CLIB";"D";2;"721783.257";"4098619.671";"Cistus_libanotis"
"408";"CLIB";"D";2;"721780.168";"4098631.214";"Cistus_libanotis"
"408";"CLIB";"D";3;"721780.168";"4098631.214";"Cistus_libanotis"
"409";"CLIB";"D";3;"721785.53";"4098624.025";"Cistus_libanotis"
"409";"CLIB";"D";2;"721785.53";"4098624.025";"Cistus_libanotis"
"41";"ROFF";"C";1;"721816.227";"4098786.795";"Rosmarinus_officinalis"
"410";"CLIB";"D";3;"721775.326";"4098614.837";"Cistus_libanotis"
"410";"CLIB";"D";2;"721775.326";"4098614.837";"Cistus_libanotis"
"411";"CLIB";"E";3;"721732.842";"4098325.978";"Cistus_libanotis"
"412";"CLIB";"E";3;"721726.532";"4098324.752";"Cistus_libanotis"
"412";"CLIB";"E";2;"721726.532";"4098324.752";"Cistus_libanotis"
"413";"CLIB";"E";2;"721729.914";"4098325.329";"Cistus_libanotis"
"413";"CLIB";"E";3;"721729.914";"4098325.329";"Cistus_libanotis"
"414";"CLIB";"E";3;"721722.035";"4098342.855";"Cistus_libanotis"
"414";"CLIB";"E";2;"721722.035";"4098342.855";"Cistus_libanotis"
"415";"CLIB";"E";3;"721724.539";"4098328.164";"Cistus_libanotis"
"416";"CLIB";"E";3;"721725.172";"4098322.95";"Cistus_libanotis"
"416";"CLIB";"E";2;"721725.172";"4098322.95";"Cistus_libanotis"
"417";"CLIB";"E";2;"721719.971";"4098347.775";"Cistus_libanotis"
"417";"CLIB";"E";3;"721719.971";"4098347.775";"Cistus_libanotis"
"418";"CLIB";"E";2;"721724.914";"4098342.494";"Cistus_libanotis"
"419";"CLIB";"E";2;"721716.257";"4098341.505";"Cistus_libanotis"
"419";"CLIB";"E";3;"721716.257";"4098341.505";"Cistus_libanotis"
"42";"ROFF";"C";1;"721829.298";"4098786.159";"Rosmarinus_officinalis"
"42";"ROFF";"C";2;"721829.298";"4098786.159";"Rosmarinus_officinalis"
"420";"CLIB";"E";3;"721733.109";"4098322.289";"Cistus_libanotis"
"420";"CLIB";"E";2;"721733.109";"4098322.289";"Cistus_libanotis"
"421";"CLIB";"E";2;"721720.785";"4098352.201";"Cistus_libanotis"
"421";"CLIB";"E";3;"721720.785";"4098352.201";"Cistus_libanotis"
"422";"CLIB";"E";3;"721725.43";"4098353.083";"Cistus_libanotis"
"422";"CLIB";"E";2;"721725.43";"4098353.083";"Cistus_libanotis"
"423";"CLIB";"E";2;"721727.867";"4098328.731";"Cistus_libanotis"
"423";"CLIB";"E";3;"721727.867";"4098328.731";"Cistus_libanotis"
"424";"CLIB";"E";3;"721722.865";"4098346.454";"Cistus_libanotis"
"425";"CLIB";"E";2;"721717.999";"4098324.426";"Cistus_libanotis"
"425";"CLIB";"E";3;"721717.999";"4098324.426";"Cistus_libanotis"
"426";"CLIB";"F";2;"721719.887";"4098181.436";"Cistus_libanotis"
"427";"CLIB";"F";2;"721727.079";"4098189.307";"Cistus_libanotis"
"427";"CLIB";"F";3;"721727.079";"4098189.307";"Cistus_libanotis"
"428";"CLIB";"F";3;"721729.055";"4098187.508";"Cistus_libanotis"
"428";"CLIB";"F";2;"721729.055";"4098187.508";"Cistus_libanotis"
"429";"CLIB";"F";2;"721728.027";"4098180.742";"Cistus_libanotis"
"429";"CLIB";"F";3;"721728.027";"4098180.742";"Cistus_libanotis"
"43";"ROFF";"C";1;"721810.732";"4098778.686";"Rosmarinus_officinalis"
"430";"CLIB";"F";3;"721722.419";"4098190.22";"Cistus_libanotis"
"430";"CLIB";"F";2;"721722.419";"4098190.22";"Cistus_libanotis"
"431";"CLIB";"F";3;"721731.728";"4098174.505";"Cistus_libanotis"
"431";"CLIB";"F";2;"721731.728";"4098174.505";"Cistus_libanotis"
"432";"CLIB";"F";2;"721710.574";"4098173.368";"Cistus_libanotis"
"432";"CLIB";"F";3;"721710.574";"4098173.368";"Cistus_libanotis"
"433";"CLIB";"F";2;"721712.751";"4098192.975";"Cistus_libanotis"
"433";"CLIB";"F";3;"721712.751";"4098192.975";"Cistus_libanotis"
"434";"CLIB";"F";3;"721731.835";"4098184.409";"Cistus_libanotis"
"434";"CLIB";"F";2;"721731.835";"4098184.409";"Cistus_libanotis"
"435";"CLIB";"F";3;"721730.689";"4098178.933";"Cistus_libanotis"
"435";"CLIB";"F";2;"721730.689";"4098178.933";"Cistus_libanotis"
"436";"AVEL";"C";2;"721814.328";"4098790.548";"Armeria_velutina"
"437";"AVEL";"C";2;"721828.649";"4098795.135";"Armeria_velutina"
"437";"AVEL";"C";3;"721828.649";"4098795.135";"Armeria_velutina"
"438";"AVEL";"D";2;"721797.616";"4098616.538";"Armeria_velutina"
"439";"AVEL";"D";2;"721785.304";"4098615.354";"Armeria_velutina"
"439";"AVEL";"D";3;"721785.304";"4098615.354";"Armeria_velutina"
"44";"ROFF";"C";1;"721810.02";"4098788.815";"Rosmarinus_officinalis"
"44";"ROFF";"C";2;"721810.02";"4098788.815";"Rosmarinus_officinalis"
"440";"AVEL";"D";2;"721786.778";"4098620.069";"Armeria_velutina"
"441";"AVEL";"D";2;"721788.717";"4098621.297";"Armeria_velutina"
"442";"AVEL";"D";2;"721774.46";"4098616.71";"Armeria_velutina"
"442";"AVEL";"D";3;"721774.46";"4098616.71";"Armeria_velutina"
"443";"AVEL";"D";2;"721774.679";"4098616.212";"Armeria_velutina"
"443";"AVEL";"D";3;"721774.679";"4098616.212";"Armeria_velutina"
"444";"AVEL";"D";2;"721774.495";"4098615.767";"Armeria_velutina"
"445";"AVEL";"D";2;"721782.303";"4098604.307";"Armeria_velutina"
"446";"AVEL";"D";3;"721801.702";"4098622.577";"Armeria_velutina"
"446";"AVEL";"D";2;"721801.702";"4098622.577";"Armeria_velutina"
"447";"AVEL";"D";2;"721802.999";"4098622.763";"Armeria_velutina"
"447";"AVEL";"D";3;"721802.999";"4098622.763";"Armeria_velutina"
"448";"AVEL";"D";2;"721801.929";"4098623.652";"Armeria_velutina"
"448";"AVEL";"D";3;"721801.929";"4098623.652";"Armeria_velutina"
"449";"AVEL";"D";2;"721796.376";"4098618.853";"Armeria_velutina"
"450";"AVEL";"E";3;"721730.242";"4098329.185";"Armeria_velutina"
"450";"AVEL";"E";2;"721730.242";"4098329.185";"Armeria_velutina"
"451";"AVEL";"E";3;"721731.249";"4098330.623";"Armeria_velutina"
"451";"AVEL";"E";2;"721731.249";"4098330.623";"Armeria_velutina"
"452";"AVEL";"E";2;"721731.647";"4098329.999";"Armeria_velutina"
"453";"AVEL";"E";2;"721732.412";"4098327.981";"Armeria_velutina"
"453";"AVEL";"E";3;"721732.412";"4098327.981";"Armeria_velutina"
"454";"AVEL";"E";2;"721733.156";"4098328.873";"Armeria_velutina"
"455";"AVEL";"E";3;"721733.908";"4098327.897";"Armeria_velutina"
"455";"AVEL";"E";2;"721733.908";"4098327.897";"Armeria_velutina"
"456";"AVEL";"E";2;"721734.703";"4098327.529";"Armeria_velutina"
"457";"AVEL";"E";2;"721742.207";"4098332.464";"Armeria_velutina"
"457";"AVEL";"E";3;"721742.207";"4098332.464";"Armeria_velutina"
"458";"AVEL";"E";3;"721734.541";"4098333.498";"Armeria_velutina"
"458";"AVEL";"E";2;"721734.541";"4098333.498";"Armeria_velutina"
"459";"AVEL";"E";3;"721732.714";"4098331.937";"Armeria_velutina"
"459";"AVEL";"E";2;"721732.714";"4098331.937";"Armeria_velutina"
"46";"ROFF";"D";1;"721778.471";"4098623.243";"Rosmarinus_officinalis"
"460";"AVEL";"F";2;"721725.995";"4098178.468";"Armeria_velutina"
"460";"AVEL";"F";3;"721725.995";"4098178.468";"Armeria_velutina"
"461";"AVEL";"F";2;"721726.651";"4098178.113";"Armeria_velutina"
"461";"AVEL";"F";3;"721726.651";"4098178.113";"Armeria_velutina"
"462";"AVEL";"F";2;"721720.682";"4098177.957";"Armeria_velutina"
"462";"AVEL";"F";3;"721720.682";"4098177.957";"Armeria_velutina"
"463";"AVEL";"F";3;"721717.592";"4098191.064";"Armeria_velutina"
"463";"AVEL";"F";2;"721717.592";"4098191.064";"Armeria_velutina"
"464";"AVEL";"F";3;"721716.732";"4098190.109";"Armeria_velutina"
"464";"AVEL";"F";2;"721716.732";"4098190.109";"Armeria_velutina"
"465";"AVEL";"F";3;"721717.362";"4098192.571";"Armeria_velutina"
"465";"AVEL";"F";2;"721717.362";"4098192.571";"Armeria_velutina"
"466";"AVEL";"F";2;"721732.521";"4098178.785";"Armeria_velutina"
"466";"AVEL";"F";3;"721732.521";"4098178.785";"Armeria_velutina"
"467";"AVEL";"F";2;"721733.808";"4098186.625";"Armeria_velutina"
"467";"AVEL";"F";3;"721733.808";"4098186.625";"Armeria_velutina"
"468";"AVEL";"F";2;"721718.058";"4098190.851";"Armeria_velutina"
"468";"AVEL";"F";3;"721718.058";"4098190.851";"Armeria_velutina"
"469";"CLIB";"C";3;"721809.272";"4098781.044";"Cistus_libanotis"
"469";"CLIB";"C";2;"721809.272";"4098781.044";"Cistus_libanotis"
"47";"ROFF";"D";1;"721774.687";"4098623.285";"Rosmarinus_officinalis"
"470";"CLIB";"C";3;"721823.963";"4098781.152";"Cistus_libanotis"
"471";"HHAL";"A";3;"721875.714";"4099207.884";"Halimium_halimifolium"
"471";"HHAL";"A";4;"721875.714";"4099207.884";"Halimium_halimifolium"
"472";"HHAL";"A";4;"721873.374";"4099213.194";"Halimium_halimifolium"
"472";"HHAL";"A";3;"721873.374";"4099213.194";"Halimium_halimifolium"
"473";"HHAL";"A";4;"721877.878";"4099216.11";"Halimium_halimifolium"
"473";"HHAL";"A";3;"721877.878";"4099216.11";"Halimium_halimifolium"
"474";"HHAL";"A";4;"721881.854";"4099206.011";"Halimium_halimifolium"
"475";"HHAL";"A";4;"721879.962";"4099214.214";"Halimium_halimifolium"
"476";"HHAL";"A";3;"721887.754";"4099204.824";"Halimium_halimifolium"
"476";"HHAL";"A";4;"721887.754";"4099204.824";"Halimium_halimifolium"
"477";"HHAL";"A";3;"721884.742";"4099223.984";"Halimium_halimifolium"
"477";"HHAL";"A";4;"721884.742";"4099223.984";"Halimium_halimifolium"
"478";"HHAL";"A";4;"721892.085";"4099206.231";"Halimium_halimifolium"
"479";"HHAL";"A";3;"721884.849";"4099216.407";"Halimium_halimifolium"
"479";"HHAL";"A";4;"721884.849";"4099216.407";"Halimium_halimifolium"
"48";"ROFF";"D";1;"721782.223";"4098630.024";"Rosmarinus_officinalis"
"48";"ROFF";"D";2;"721782.223";"4098630.024";"Rosmarinus_officinalis"
"480";"HHAL";"A";3;"721890.769";"4099208.293";"Halimium_halimifolium"
"482";"HHAL";"A";4;"721892.337";"4099218.232";"Halimium_halimifolium"
"483";"HHAL";"A";4;"721889.293";"4099218.601";"Halimium_halimifolium"
"484";"HHAL";"A";4;"721891.658";"4099220.353";"Halimium_halimifolium"
"484";"HHAL";"A";3;"721891.658";"4099220.353";"Halimium_halimifolium"
"485";"HHAL";"A";4;"721890.054";"4099225.948";"Halimium_halimifolium"
"486";"HHAL";"B";3;"721876.549";"4099078.829";"Halimium_halimifolium"
"486";"HHAL";"B";4;"721876.549";"4099078.829";"Halimium_halimifolium"
"487";"HHAL";"B";4;"721874.97";"4099084.133";"Halimium_halimifolium"
"488";"HHAL";"B";3;"721872.88";"4099078.237";"Halimium_halimifolium"
"488";"HHAL";"B";4;"721872.88";"4099078.237";"Halimium_halimifolium"
"488";"HHAL";"B";2;"721872.88";"4099078.237";"Halimium_halimifolium"
"489";"HHAL";"B";3;"721867.278";"4099073.846";"Halimium_halimifolium"
"489";"HHAL";"B";4;"721867.278";"4099073.846";"Halimium_halimifolium"
"49";"ROFF";"D";1;"721787.256";"4098630.59";"Rosmarinus_officinalis"
"49";"ROFF";"D";2;"721787.256";"4098630.59";"Rosmarinus_officinalis"
"490";"HHAL";"B";4;"721870.865";"4099076.881";"Halimium_halimifolium"
"491";"HHAL";"B";4;"721868.085";"4099096.129";"Halimium_halimifolium"
"492";"HHAL";"B";4;"721863.264";"4099093.923";"Halimium_halimifolium"
"493";"HHAL";"B";3;"721869.416";"4099093.679";"Halimium_halimifolium"
"493";"HHAL";"B";4;"721869.416";"4099093.679";"Halimium_halimifolium"
"494";"HHAL";"B";4;"721869.187";"4099088.321";"Halimium_halimifolium"
"494";"HHAL";"B";3;"721869.187";"4099088.321";"Halimium_halimifolium"
"495";"HHAL";"B";4;"721873.983";"4099092.246";"Halimium_halimifolium"
"495";"HHAL";"B";3;"721873.983";"4099092.246";"Halimium_halimifolium"
"496";"HHAL";"B";3;"721859.339";"4099077.974";"Halimium_halimifolium"
"496";"HHAL";"B";4;"721859.339";"4099077.974";"Halimium_halimifolium"
"496";"HHAL";"B";2;"721859.339";"4099077.974";"Halimium_halimifolium"
"497";"HHAL";"B";3;"721862.852";"4099079.504";"Halimium_halimifolium"
"497";"HHAL";"B";4;"721862.852";"4099079.504";"Halimium_halimifolium"
"498";"HHAL";"B";4;"721863.173";"4099084.42";"Halimium_halimifolium"
"498";"HHAL";"B";3;"721863.173";"4099084.42";"Halimium_halimifolium"
"499";"HHAL";"B";4;"721856.563";"4099085.599";"Halimium_halimifolium"
"5";"UPAR";"A";1;"721883.381";"4099213.458";"Ulex_parviflorus"
"50";"ROFF";"D";1;"721793.3";"4098625.574";"Rosmarinus_officinalis"
"500";"HHAL";"B";4;"721865.051";"4099085.072";"Halimium_halimifolium"
"500";"HHAL";"B";3;"721865.051";"4099085.072";"Halimium_halimifolium"
"501";"HHAL";"C";4;"721816.419";"4098793.626";"Halimium_halimifolium"
"501";"HHAL";"C";3;"721816.419";"4098793.626";"Halimium_halimifolium"
"502";"HHAL";"C";3;"721810.563";"4098796.474";"Halimium_halimifolium"
"502";"HHAL";"C";4;"721810.563";"4098796.474";"Halimium_halimifolium"
"503";"HHAL";"C";4;"721807.2";"4098796.577";"Halimium_halimifolium"
"503";"HHAL";"C";3;"721807.2";"4098796.577";"Halimium_halimifolium"
"504";"HHAL";"C";4;"721803.543";"4098789.033";"Halimium_halimifolium"
"504";"HHAL";"C";3;"721803.543";"4098789.033";"Halimium_halimifolium"
"505";"HHAL";"C";3;"721804.243";"4098793.902";"Halimium_halimifolium"
"505";"HHAL";"C";4;"721804.243";"4098793.902";"Halimium_halimifolium"
"506";"HHAL";"C";3;"721826.031";"4098798.266";"Halimium_halimifolium"
"506";"HHAL";"C";4;"721826.031";"4098798.266";"Halimium_halimifolium"
"507";"HHAL";"C";3;"721814.072";"4098786.527";"Halimium_halimifolium"
"507";"HHAL";"C";4;"721814.072";"4098786.527";"Halimium_halimifolium"
"509";"HHAL";"C";3;"721819.628";"4098780.816";"Halimium_halimifolium"
"509";"HHAL";"C";4;"721819.628";"4098780.816";"Halimium_halimifolium"
"51";"ROFF";"D";1;"721797.62";"4098620.645";"Rosmarinus_officinalis"
"51";"ROFF";"D";2;"721797.62";"4098620.645";"Rosmarinus_officinalis"
"510";"HHAL";"C";4;"721811.984";"4098783.159";"Halimium_halimifolium"
"510";"HHAL";"C";3;"721811.984";"4098783.159";"Halimium_halimifolium"
"511";"HHAL";"C";3;"721823.7";"4098792.899";"Halimium_halimifolium"
"511";"HHAL";"C";4;"721823.7";"4098792.899";"Halimium_halimifolium"
"512";"HHAL";"C";3;"721813.699";"4098790.503";"Halimium_halimifolium"
"512";"HHAL";"C";4;"721813.699";"4098790.503";"Halimium_halimifolium"
"513";"HHAL";"C";3;"721818.15";"4098789.864";"Halimium_halimifolium"
"513";"HHAL";"C";4;"721818.15";"4098789.864";"Halimium_halimifolium"
"513";"HHAL";"C";2;"721818.15";"4098789.864";"Halimium_halimifolium"
"514";"HHAL";"C";4;"721827.74";"4098788.095";"Halimium_halimifolium"
"515";"HHAL";"C";4;"721822.511";"4098783.211";"Halimium_halimifolium"
"515";"HHAL";"C";3;"721822.511";"4098783.211";"Halimium_halimifolium"
"515";"HHAL";"C";2;"721822.511";"4098783.211";"Halimium_halimifolium"
"516";"HHAL";"D";3;"721792.046";"4098632.334";"Halimium_halimifolium"
"517";"HHAL";"D";3;"721777.814";"4098629.544";"Halimium_halimifolium"
"517";"HHAL";"D";4;"721777.814";"4098629.544";"Halimium_halimifolium"
"518";"HHAL";"D";4;"721782.648";"4098629.599";"Halimium_halimifolium"
"518";"HHAL";"D";3;"721782.648";"4098629.599";"Halimium_halimifolium"
"519";"HHAL";"D";3;"721774.776";"4098625.06";"Halimium_halimifolium"
"519";"HHAL";"D";4;"721774.776";"4098625.06";"Halimium_halimifolium"
"52";"ROFF";"D";1;"721781.632";"4098614.604";"Rosmarinus_officinalis"
"520";"HHAL";"D";3;"721787.027";"4098629.916";"Halimium_halimifolium"
"520";"HHAL";"D";4;"721787.027";"4098629.916";"Halimium_halimifolium"
"521";"HHAL";"D";3;"721799.655";"4098619.241";"Halimium_halimifolium"
"521";"HHAL";"D";4;"721799.655";"4098619.241";"Halimium_halimifolium"
"522";"HHAL";"D";4;"721791.043";"4098620.828";"Halimium_halimifolium"
"522";"HHAL";"D";3;"721791.043";"4098620.828";"Halimium_halimifolium"
"523";"HHAL";"D";3;"721794.756";"4098616.483";"Halimium_halimifolium"
"523";"HHAL";"D";4;"721794.756";"4098616.483";"Halimium_halimifolium"
"524";"HHAL";"D";3;"721788.747";"4098624.497";"Halimium_halimifolium"
"524";"HHAL";"D";4;"721788.747";"4098624.497";"Halimium_halimifolium"
"524";"HHAL";"D";2;"721788.747";"4098624.497";"Halimium_halimifolium"
"525";"HHAL";"D";4;"721798.967";"4098614.016";"Halimium_halimifolium"
"525";"HHAL";"D";3;"721798.967";"4098614.016";"Halimium_halimifolium"
"526";"HHAL";"D";3;"721788.193";"4098617.435";"Halimium_halimifolium"
"526";"HHAL";"D";4;"721788.193";"4098617.435";"Halimium_halimifolium"
"527";"HHAL";"D";4;"721787.098";"4098611.956";"Halimium_halimifolium"
"527";"HHAL";"D";3;"721787.098";"4098611.956";"Halimium_halimifolium"
"528";"HHAL";"D";4;"721784.74";"4098621.035";"Halimium_halimifolium"
"528";"HHAL";"D";3;"721784.74";"4098621.035";"Halimium_halimifolium"
"529";"HHAL";"D";3;"721791.701";"4098614.085";"Halimium_halimifolium"
"529";"HHAL";"D";4;"721791.701";"4098614.085";"Halimium_halimifolium"
"53";"ROFF";"D";1;"721781.752";"4098604.155";"Rosmarinus_officinalis"
"530";"HHAL";"D";3;"721780.987";"4098615.489";"Halimium_halimifolium"
"530";"HHAL";"D";4;"721780.987";"4098615.489";"Halimium_halimifolium"
"533";"HHAL";"E";4;"721718.629";"4098334.807";"Halimium_halimifolium"
"533";"HHAL";"E";3;"721718.629";"4098334.807";"Halimium_halimifolium"
"534";"HHAL";"E";3;"721722.013";"4098339.526";"Halimium_halimifolium"
"534";"HHAL";"E";4;"721722.013";"4098339.526";"Halimium_halimifolium"
"535";"HHAL";"E";4;"721717.684";"4098339.158";"Halimium_halimifolium"
"535";"HHAL";"E";3;"721717.684";"4098339.158";"Halimium_halimifolium"
"535";"HHAL";"F";4;"721717.684";"4098339.158";"Halimium_halimifolium"
"536";"HHAL";"E";4;"721734.573";"4098334.542";"Halimium_halimifolium"
"536";"HHAL";"E";3;"721734.573";"4098334.542";"Halimium_halimifolium"
"537";"HHAL";"E";3;"721735.608";"4098344.725";"Halimium_halimifolium"
"537";"HHAL";"E";4;"721735.608";"4098344.725";"Halimium_halimifolium"
"537";"HHAL";"F";4;"721735.608";"4098344.725";"Halimium_halimifolium"
"538";"HHAL";"E";4;"721730.049";"4098328.771";"Halimium_halimifolium"
"538";"HHAL";"E";3;"721730.049";"4098328.771";"Halimium_halimifolium"
"539";"HHAL";"E";3;"721724.662";"4098333.137";"Halimium_halimifolium"
"539";"HHAL";"E";4;"721724.662";"4098333.137";"Halimium_halimifolium"
"539";"HHAL";"F";4;"721724.662";"4098333.137";"Halimium_halimifolium"
"54";"ROFF";"D";2;"721773.961";"4098617.34";"Rosmarinus_officinalis"
"54";"ROFF";"D";1;"721773.961";"4098617.34";"Rosmarinus_officinalis"
"540";"HHAL";"E";3;"721735.524";"4098329.253";"Halimium_halimifolium"
"540";"HHAL";"E";4;"721735.524";"4098329.253";"Halimium_halimifolium"
"540";"HHAL";"F";4;"721735.524";"4098329.253";"Halimium_halimifolium"
"541";"HHAL";"E";4;"721726.949";"4098341.839";"Halimium_halimifolium"
"541";"HHAL";"E";3;"721726.949";"4098341.839";"Halimium_halimifolium"
"541";"HHAL";"F";4;"721726.949";"4098341.839";"Halimium_halimifolium"
"542";"HHAL";"E";4;"721727.028";"4098349.686";"Halimium_halimifolium"
"542";"HHAL";"F";4;"721727.028";"4098349.686";"Halimium_halimifolium"
"542";"HHAL";"E";3;"721727.028";"4098349.686";"Halimium_halimifolium"
"543";"HHAL";"E";3;"721721.942";"4098350.289";"Halimium_halimifolium"
"543";"HHAL";"E";4;"721721.942";"4098350.289";"Halimium_halimifolium"
"545";"HHAL";"E";4;"721720.365";"4098346.027";"Halimium_halimifolium"
"545";"HHAL";"F";4;"721720.365";"4098346.027";"Halimium_halimifolium"
"545";"HHAL";"E";3;"721720.365";"4098346.027";"Halimium_halimifolium"
"546";"HHAL";"F";4;"721723.7";"4098179.805";"Halimium_halimifolium"
"546";"HHAL";"F";3;"721723.7";"4098179.805";"Halimium_halimifolium"
"548";"HHAL";"F";4;"721715.191";"4098193.54";"Halimium_halimifolium"
"548";"HHAL";"F";3;"721715.191";"4098193.54";"Halimium_halimifolium"
"549";"HHAL";"F";4;"721710.418";"4098191.569";"Halimium_halimifolium"
"549";"HHAL";"F";3;"721710.418";"4098191.569";"Halimium_halimifolium"
"55";"ROFF";"D";1;"721797.27";"4098624.649";"Rosmarinus_officinalis"
"55";"ROFF";"D";2;"721797.27";"4098624.649";"Rosmarinus_officinalis"
"550";"HHAL";"F";4;"721716.988";"4098188.841";"Halimium_halimifolium"
"550";"HHAL";"F";3;"721716.988";"4098188.841";"Halimium_halimifolium"
"551";"HHAL";"F";3;"721716.493";"4098180.311";"Halimium_halimifolium"
"551";"HHAL";"F";4;"721716.493";"4098180.311";"Halimium_halimifolium"
"552";"HHAL";"F";3;"721709.605";"4098182.591";"Halimium_halimifolium"
"552";"HHAL";"F";4;"721709.605";"4098182.591";"Halimium_halimifolium"
"553";"HHAL";"F";4;"721725.951";"4098180.133";"Halimium_halimifolium"
"554";"HHAL";"F";4;"721727.747";"4098175.194";"Halimium_halimifolium"
"554";"HHAL";"F";3;"721727.747";"4098175.194";"Halimium_halimifolium"
"555";"HHAL";"F";4;"721716.551";"4098175.443";"Halimium_halimifolium"
"556";"HHAL";"F";4;"721725.464";"4098186.037";"Halimium_halimifolium"
"556";"HHAL";"F";3;"721725.464";"4098186.037";"Halimium_halimifolium"
"557";"HHAL";"F";4;"721728.181";"4098188.87";"Halimium_halimifolium"
"557";"HHAL";"F";3;"721728.181";"4098188.87";"Halimium_halimifolium"
"558";"HHAL";"F";4;"721719.403";"4098183.454";"Halimium_halimifolium"
"559";"HHAL";"F";3;"721731.505";"4098182.799";"Halimium_halimifolium"
"559";"HHAL";"F";4;"721731.505";"4098182.799";"Halimium_halimifolium"
"56";"ROFF";"D";2;"721787.008";"4098626.279";"Rosmarinus_officinalis"
"56";"ROFF";"D";1;"721787.008";"4098626.279";"Rosmarinus_officinalis"
"560";"HHAL";"F";4;"721723.742";"4098190.313";"Halimium_halimifolium"
"560";"HHAL";"F";3;"721723.742";"4098190.313";"Halimium_halimifolium"
"561";"CLIB";"F";3;"721724.901";"4098174.691";"Cistus_libanotis"
"562";"CLIB";"F";3;"721728.222";"4098179.247";"Cistus_libanotis"
"564";"CLIB";"F";3;"721727.441";"4098190.911";"Cistus_libanotis"
"565";"CLIB";"F";3;"721711.87";"4098195.293";"Cistus_libanotis"
"565";"CLIB";"F";2;"721711.87";"4098195.293";"Cistus_libanotis"
"566";"TMAS";"A";3;"721878.029";"4099215.165";"Thymus_mastichina"
"566";"TMAS";"A";4;"721878.029";"4099215.165";"Thymus_mastichina"
"567";"TMAS";"A";4;"721879.318";"4099214.008";"Thymus_mastichina"
"568";"TMAS";"A";3;"721877.055";"4099208.895";"Thymus_mastichina"
"568";"TMAS";"A";4;"721877.055";"4099208.895";"Thymus_mastichina"
"569";"TMAS";"A";4;"721877.734";"4099208.05";"Thymus_mastichina"
"569";"TMAS";"A";3;"721877.734";"4099208.05";"Thymus_mastichina"
"570";"TMAS";"A";4;"721884.573";"4099202.019";"Thymus_mastichina"
"570";"TMAS";"A";3;"721884.573";"4099202.019";"Thymus_mastichina"
"571";"TMAS";"A";4;"721894.194";"4099216.962";"Thymus_mastichina"
"571";"TMAS";"A";3;"721894.194";"4099216.962";"Thymus_mastichina"
"572";"TMAS";"A";4;"721888.33";"4099203.62";"Thymus_mastichina"
"572";"TMAS";"A";3;"721888.33";"4099203.62";"Thymus_mastichina"
"572_1";"TMAS";"A";4;"721888.566";"4099203.163";"Thymus_mastichina"
"572_1";"TMAS";"A";3;"721888.566";"4099203.163";"Thymus_mastichina"
"573";"TMAS";"A";4;"721871.4";"4099215.241";"Thymus_mastichina"
"574";"TMAS";"A";4;"721889.787";"4099200.237";"Thymus_mastichina"
"574";"TMAS";"A";3;"721889.787";"4099200.237";"Thymus_mastichina"
"575";"TMAS";"A";4;"721878.529";"4099209.614";"Thymus_mastichina"
"575";"TMAS";"A";3;"721878.529";"4099209.614";"Thymus_mastichina"
"576";"TMAS";"B";4;"721862.833";"4099088.24";"Thymus_mastichina"
"576";"TMAS";"B";3;"721862.833";"4099088.24";"Thymus_mastichina"
"577";"TMAS";"B";3;"721859.414";"4099090.907";"Thymus_mastichina"
"577";"TMAS";"B";4;"721859.414";"4099090.907";"Thymus_mastichina"
"578";"TMAS";"B";4;"721870.444";"4099092.881";"Thymus_mastichina"
"579";"TMAS";"B";4;"721862.838";"4099096.124";"Thymus_mastichina"
"579";"TMAS";"B";3;"721862.838";"4099096.124";"Thymus_mastichina"
"58";"ROFF";"D";1;"721786.077";"4098618.03";"Rosmarinus_officinalis"
"580";"TMAS";"B";4;"721871.006";"4099096.756";"Thymus_mastichina"
"580";"TMAS";"B";3;"721871.006";"4099096.756";"Thymus_mastichina"
"581";"TMAS";"B";4;"721858.592";"4099083.269";"Thymus_mastichina"
"581";"TMAS";"B";3;"721858.592";"4099083.269";"Thymus_mastichina"
"582";"TMAS";"B";4;"721857.687";"4099083.878";"Thymus_mastichina"
"582";"TMAS";"B";3;"721857.687";"4099083.878";"Thymus_mastichina"
"583";"TMAS";"B";4;"721863.449";"4099097.955";"Thymus_mastichina"
"583";"TMAS";"B";3;"721863.449";"4099097.955";"Thymus_mastichina"
"584";"TMAS";"B";4;"721862.951";"4099094.366";"Thymus_mastichina"
"585";"TMAS";"B";3;"721870.145";"4099098.802";"Thymus_mastichina"
"585";"TMAS";"B";4;"721870.145";"4099098.802";"Thymus_mastichina"
"586";"TMAS";"C";4;"721804.41";"4098783.753";"Thymus_mastichina"
"587";"TMAS";"C";3;"721804.932";"4098784.968";"Thymus_mastichina"
"587";"TMAS";"C";4;"721804.932";"4098784.968";"Thymus_mastichina"
"588";"TMAS";"C";4;"721810.762";"4098786.423";"Thymus_mastichina"
"588";"TMAS";"C";3;"721810.762";"4098786.423";"Thymus_mastichina"
"589";"TMAS";"C";4;"721808.793";"4098788.819";"Thymus_mastichina"
"590";"TMAS";"C";4;"721813.488";"4098780.38";"Thymus_mastichina"
"591";"TMAS";"D";4;"721785.172";"4098627.951";"Thymus_mastichina"
"592";"TMAS";"D";3;"721781.959";"4098618.399";"Thymus_mastichina"
"592";"TMAS";"D";4;"721781.959";"4098618.399";"Thymus_mastichina"
"593";"TMAS";"D";4;"721782.947";"4098618.244";"Thymus_mastichina"
"593";"TMAS";"D";3;"721782.947";"4098618.244";"Thymus_mastichina"
"594";"TMAS";"D";3;"721785.619";"4098617.035";"Thymus_mastichina"
"594";"TMAS";"D";4;"721785.619";"4098617.035";"Thymus_mastichina"
"595";"TMAS";"D";4;"721786.364";"4098619.842";"Thymus_mastichina"
"596";"TMAS";"D";4;"721788.858";"4098617.556";"Thymus_mastichina"
"597";"TMAS";"D";4;"721788.739";"4098612.593";"Thymus_mastichina"
"598";"TMAS";"D";4;"721787.013";"4098610.757";"Thymus_mastichina"
"598";"TMAS";"D";3;"721787.013";"4098610.757";"Thymus_mastichina"
"599";"TMAS";"D";4;"721786.92";"4098605.283";"Thymus_mastichina"
"599";"TMAS";"D";3;"721786.92";"4098605.283";"Thymus_mastichina"
"6";"UPAR";"A";1;"721882.17";"4099217.225";"Ulex_parviflorus"
"60";"ROFF";"D";1;"721780.67";"4098627.815";"Rosmarinus_officinalis"
"600";"TMAS";"D";4;"721774.733";"4098615.926";"Thymus_mastichina"
"601";"TMAS";"E";4;"721721.75";"4098325.465";"Thymus_mastichina"
"602";"TMAS";"E";4;"721724.379";"4098326.839";"Thymus_mastichina"
"602";"TMAS";"E";3;"721724.379";"4098326.839";"Thymus_mastichina"
"603";"TMAS";"E";4;"721725.295";"4098325.132";"Thymus_mastichina"
"604";"TMAS";"E";4;"721721.646";"4098326.963";"Thymus_mastichina"
"605";"TMAS";"E";4;"721722.221";"4098324.21";"Thymus_mastichina"
"605";"TMAS";"E";3;"721722.221";"4098324.21";"Thymus_mastichina"
"606";"TMAS";"E";4;"721721.133";"4098322.328";"Thymus_mastichina"
"607";"TMAS";"E";4;"721723.421";"4098320.97";"Thymus_mastichina"
"608";"TMAS";"E";4;"721723.109";"4098327.73";"Thymus_mastichina"
"609";"TMAS";"E";4;"721725.952";"4098326.223";"Thymus_mastichina"
"609";"TMAS";"E";3;"721725.952";"4098326.223";"Thymus_mastichina"
"610";"TMAS";"E";4;"721722.75";"4098322.335";"Thymus_mastichina"
"611";"TMAS";"F";4;"721726.05";"4098180.528";"Thymus_mastichina"
"612";"TMAS";"F";4;"721730.321";"4098181.318";"Thymus_mastichina"
"613";"TMAS";"F";4;"721732.065";"4098178.604";"Thymus_mastichina"
"614";"TMAS";"F";3;"721732.674";"4098184.823";"Thymus_mastichina"
"614";"TMAS";"F";4;"721732.674";"4098184.823";"Thymus_mastichina"
"615";"TMAS";"F";4;"721727.848";"4098186.278";"Thymus_mastichina"
"616";"TMAS";"F";3;"721716.598";"4098182.387";"Thymus_mastichina"
"616";"TMAS";"F";4;"721716.598";"4098182.387";"Thymus_mastichina"
"617";"TMAS";"F";3;"721713.401";"4098189.741";"Thymus_mastichina"
"617";"TMAS";"F";4;"721713.401";"4098189.741";"Thymus_mastichina"
"619";"TMAS";"F";4;"721732.649";"4098173.787";"Thymus_mastichina"
"620";"TMAS";"F";4;"721725.837";"4098175.473";"Thymus_mastichina"
"621";"TMAS";"F";3;"721724.251";"4098176.554";"Thymus_mastichina"
"621";"TMAS";"F";4;"721724.251";"4098176.554";"Thymus_mastichina"
"622";"TMAS";"F";3;"721733.409";"4098176.761";"Thymus_mastichina"
"622";"TMAS";"F";4;"721733.409";"4098176.761";"Thymus_mastichina"
"623";"TMAS";"F";4;"721723.893";"4098168.969";"Thymus_mastichina"
"624";"TMAS";"F";4;"721728.001";"4098171.287";"Thymus_mastichina"
"624";"TMAS";"F";3;"721728.001";"4098171.287";"Thymus_mastichina"
"625";"TMAS";"F";3;"721719.924";"4098178.47";"Thymus_mastichina"
"625";"TMAS";"F";4;"721719.924";"4098178.47";"Thymus_mastichina"
"626";"HPIC";"B";4;"721880.641";"4099089.111";"Helichrysum_picardii"
"627";"HPIC";"B";5;"721875.489";"4099093.82";"Helichrysum_picardii"
"628";"HPIC";"B";5;"721870.579";"4099096.652";"Helichrysum_picardii"
"629";"HPIC";"B";5;"721859.485";"4099095.843";"Helichrysum_picardii"
"630";"HPIC";"B";4;"721861.114";"4099091.174";"Helichrysum_picardii"
"630";"HPIC";"B";5;"721861.114";"4099091.174";"Helichrysum_picardii"
"631";"HPIC";"B";4;"721872.738";"4099076.181";"Helichrysum_picardii"
"632";"HPIC";"B";4;"721874.596";"4099077.883";"Helichrysum_picardii"
"633";"HPIC";"B";5;"721873.941";"4099079.673";"Helichrysum_picardii"
"633";"HPIC";"B";4;"721873.941";"4099079.673";"Helichrysum_picardii"
"634";"HPIC";"B";5;"721858.351";"4099076.358";"Helichrysum_picardii"
"635";"HPIC";"B";5;"721856.626";"4099083.326";"Helichrysum_picardii"
"636";"HPIC";"B";5;"721877.74";"4099090.725";"Helichrysum_picardii"
"637";"HPIC";"B";4;"721879.118";"4099089.13";"Helichrysum_picardii"
"638";"HPIC";"B";5;"721875.941";"4099098.197";"Helichrysum_picardii"
"638";"HPIC";"B";4;"721875.941";"4099098.197";"Helichrysum_picardii"
"639";"HPIC";"B";5;"721863.782";"4099099.597";"Helichrysum_picardii"
"640";"HPIC";"B";5;"721857.232";"4099095.92";"Helichrysum_picardii"
"641";"HPIC";"C";5;"721823.23";"4098790.363";"Helichrysum_picardii"
"642";"HPIC";"C";5;"721814.4";"4098793.492";"Helichrysum_picardii"
"642";"HPIC";"C";4;"721814.4";"4098793.492";"Helichrysum_picardii"
"643";"HPIC";"C";5;"721817.537";"4098793.579";"Helichrysum_picardii"
"643";"HPIC";"C";4;"721817.537";"4098793.579";"Helichrysum_picardii"
"645";"HPIC";"C";5;"721811.953";"4098790.165";"Helichrysum_picardii"
"646";"HPIC";"C";4;"721814.956";"4098786.447";"Helichrysum_picardii"
"646";"HPIC";"C";5;"721814.956";"4098786.447";"Helichrysum_picardii"
"647";"HPIC";"C";5;"721814.081";"4098781.839";"Helichrysum_picardii"
"648";"HPIC";"C";5;"721817.799";"4098779.702";"Helichrysum_picardii"
"649";"HPIC";"C";5;"721814.32";"4098781.307";"Helichrysum_picardii"
"650";"HPIC";"C";4;"721808.285";"4098789.907";"Helichrysum_picardii"
"651";"HPIC";"C";5;"721809.211";"4098789.451";"Helichrysum_picardii"
"652";"HPIC";"C";5;"721801.832";"4098782.51";"Helichrysum_picardii"
"653";"HPIC";"C";5;"721801.113";"4098781.57";"Helichrysum_picardii"
"656";"HPIC";"D";5;"721791.161";"4098625.67";"Helichrysum_picardii"
"657";"HPIC";"D";5;"721788.11";"4098626.799";"Helichrysum_picardii"
"657";"HPIC";"D";4;"721788.11";"4098626.799";"Helichrysum_picardii"
"658";"HPIC";"D";4;"721785.677";"4098625.878";"Helichrysum_picardii"
"658";"HPIC";"D";5;"721785.677";"4098625.878";"Helichrysum_picardii"
"659";"HPIC";"D";5;"721786.31";"4098630.746";"Helichrysum_picardii"
"660";"HPIC";"D";4;"721783.817";"4098627.276";"Helichrysum_picardii"
"660";"HPIC";"D";5;"721783.817";"4098627.276";"Helichrysum_picardii"
"661";"HPIC";"D";5;"721785.592";"4098621.987";"Helichrysum_picardii"
"662";"HPIC";"D";4;"721787.287";"4098620.031";"Helichrysum_picardii"
"663";"HPIC";"D";4;"721795.976";"4098616.332";"Helichrysum_picardii"
"663";"HPIC";"D";5;"721795.976";"4098616.332";"Helichrysum_picardii"
"664";"HPIC";"D";5;"721797.61";"4098615.747";"Helichrysum_picardii"
"664";"HPIC";"D";4;"721797.61";"4098615.747";"Helichrysum_picardii"
"665";"HPIC";"D";5;"721784.568";"4098609.102";"Helichrysum_picardii"
"666";"HPIC";"D";5;"721789.489";"4098609.845";"Helichrysum_picardii"
"667";"HPIC";"D";5;"721797.446";"4098620.931";"Helichrysum_picardii"
"668";"HPIC";"D";5;"721786.255";"4098619.675";"Helichrysum_picardii"
"669";"HPIC";"D";5;"721773.81";"4098617.442";"Helichrysum_picardii"
"669";"HPIC";"D";4;"721773.81";"4098617.442";"Helichrysum_picardii"
"670";"HPIC";"D";5;"721772.264";"4098622.617";"Helichrysum_picardii"
"671";"HPIC";"D";5;"721788.64";"4098622.05";"Helichrysum_picardii"
"672";"HPIC";"D";4;"721784.417";"4098620.517";"Helichrysum_picardii"
"672";"HPIC";"D";5;"721784.417";"4098620.517";"Helichrysum_picardii"
"673";"HPIC";"D";4;"721777.947";"4098630.082";"Helichrysum_picardii"
"673";"HPIC";"D";5;"721777.947";"4098630.082";"Helichrysum_picardii"
"674";"HPIC";"D";5;"721790.44";"4098634.499";"Helichrysum_picardii"
"675";"HPIC";"D";5;"721780.748";"4098634.712";"Helichrysum_picardii"
"677";"HPIC";"A";5;"721874.162";"4099209.289";"Helichrysum_picardii"
"678";"HPIC";"A";5;"721873.418";"4099208.3";"Helichrysum_picardii"
"678";"HPIC";"A";4;"721873.418";"4099208.3";"Helichrysum_picardii"
"679";"HPIC";"A";5;"721895.61";"4099216.845";"Helichrysum_picardii"
"686";"HPIC";"F";5;"721725.328";"4098189.951";"Helichrysum_picardii"
"688";"HPIC";"B";5;"721865.262";"4099072.541";"Helichrysum_picardii"
"689";"HPIC";"B";5;"721872.259";"4099077.083";"Helichrysum_picardii"
"690";"HPIC";"B";5;"721876.521";"4099073.39";"Helichrysum_picardii"
"692";"HPIC";"B";5;"721864.97";"4099087.531";"Helichrysum_picardii"
"7";"UPAR";"A";1;"721877.301";"4099218.486";"Ulex_parviflorus"
"76";"ROFF";"E";1;"721720.593";"4098341.96";"Rosmarinus_officinalis"
"77";"ROFF";"E";1;"721734.685";"4098347.436";"Rosmarinus_officinalis"
"77";"ROFF";"E";2;"721734.685";"4098347.436";"Rosmarinus_officinalis"
"78";"ROFF";"E";1;"721715.907";"4098337.031";"Rosmarinus_officinalis"
"79";"ROFF";"E";2;"721714.925";"4098343.178";"Rosmarinus_officinalis"
"79";"ROFF";"E";1;"721714.925";"4098343.178";"Rosmarinus_officinalis"
"8";"UPAR";"A";1;"721878.015";"4099214.621";"Ulex_parviflorus"
"80";"ROFF";"E";1;"721728.821";"4098340.029";"Rosmarinus_officinalis"
"80";"ROFF";"E";2;"721728.821";"4098340.029";"Rosmarinus_officinalis"
"81";"ROFF";"E";1;"721735.537";"4098341.686";"Rosmarinus_officinalis"
"82";"ROFF";"E";2;"721725.126";"4098336.882";"Rosmarinus_officinalis"
"84";"ROFF";"E";1;"721719.597";"4098343.667";"Rosmarinus_officinalis"
"84";"ROFF";"E";2;"721719.597";"4098343.667";"Rosmarinus_officinalis"
"85";"ROFF";"E";1;"721724.988";"4098331.002";"Rosmarinus_officinalis"
"85";"ROFF";"E";2;"721724.988";"4098331.002";"Rosmarinus_officinalis"
"86";"ROFF";"E";1;"721721.506";"4098331.444";"Rosmarinus_officinalis"
"87";"ROFF";"E";1;"721727.413";"4098334.868";"Rosmarinus_officinalis"
"88";"ROFF";"E";2;"721725.41";"4098322.138";"Rosmarinus_officinalis"
"88";"ROFF";"E";1;"721725.41";"4098322.138";"Rosmarinus_officinalis"
"90";"ROFF";"E";1;"721740.256";"4098323.944";"Rosmarinus_officinalis"
"90";"ROFF";"E";2;"721740.256";"4098323.944";"Rosmarinus_officinalis"
"91";"ROFF";"F";1;"721732.177";"4098170.72";"Rosmarinus_officinalis"
"91";"ROFF";"F";2;"721732.177";"4098170.72";"Rosmarinus_officinalis"
"92";"ROFF";"F";2;"721720.341";"4098169.968";"Rosmarinus_officinalis"
"93";"ROFF";"F";2;"721729.657";"4098179.435";"Rosmarinus_officinalis"
"93";"ROFF";"F";1;"721729.657";"4098179.435";"Rosmarinus_officinalis"
"94";"ROFF";"F";2;"721726.088";"4098169.526";"Rosmarinus_officinalis"
"95";"ROFF";"F";1;"721713.91";"4098177.277";"Rosmarinus_officinalis"
"95";"ROFF";"F";2;"721713.91";"4098177.277";"Rosmarinus_officinalis"
"96";"ROFF";"F";2;"721716.776";"4098191.653";"Rosmarinus_officinalis"
"96";"ROFF";"F";1;"721716.776";"4098191.653";"Rosmarinus_officinalis"
"97";"ROFF";"F";1;"721717.271";"4098184.358";"Rosmarinus_officinalis"
"98";"ROFF";"F";2;"721729.869";"4098189.342";"Rosmarinus_officinalis"
"98";"ROFF";"F";1;"721729.869";"4098189.342";"Rosmarinus_officinalis"
"99";"ROFF";"F";1;"721713.24";"4098186.945";"Rosmarinus_officinalis"
"99";"ROFF";"F";2;"721713.24";"4098186.945";"Rosmarinus_officinalis"
"Y";"SGEN";"A";1;"721892.512";"4099219.565";"Stauracanthus_genistoides"
